what,kind,bundleId,bundleVersion,description,time
activated,perspective,org.eclipse.jdt.ui,,"org.eclipse.jdt.ui.JavaPerspective",1371562482545
started,bundle,org.eclipse.osgi,3.7.2.v20120110-1415,"org.eclipse.osgi",1371562482546
started,bundle,org.eclipse.equinox.simpleconfigurator,1.0.200.v20110815-1438,"org.eclipse.equinox.simpleconfigurator",1371562482547
started,bundle,com.ibm.icu,4.4.2.v20110823,"com.ibm.icu",1371562482547
started,bundle,org.eclipse.cdt.codan.checkers,1.0.1.201202111925,"org.eclipse.cdt.codan.checkers",1371562482548
started,bundle,org.eclipse.cdt.codan.core,2.0.0.201202111925,"org.eclipse.cdt.codan.core",1371562482549
started,bundle,org.eclipse.cdt.codan.core.cxx,1.0.0.201202111925,"org.eclipse.cdt.codan.core.cxx",1371562482549
started,bundle,org.eclipse.cdt.codan.ui.cxx,2.0.0.201202111925,"org.eclipse.cdt.codan.ui.cxx",1371562482550
started,bundle,org.eclipse.cdt.core,5.3.2.201202111925,"org.eclipse.cdt.core",1371562482551
started,bundle,org.eclipse.cdt.make.core,7.1.2.201202111925,"org.eclipse.cdt.make.core",1371562482551
started,bundle,org.eclipse.cdt.make.ui,7.1.2.201202111925,"org.eclipse.cdt.make.ui",1371562482552
started,bundle,org.eclipse.cdt.managedbuilder.core,8.0.2.201202111925,"org.eclipse.cdt.managedbuilder.core",1371562482554
started,bundle,org.eclipse.cdt.ui,5.3.2.201202111925,"org.eclipse.cdt.ui",1371562482555
started,bundle,org.eclipse.core.contenttype,3.4.100.v20110423-0524,"org.eclipse.core.contenttype",1371562482556
started,bundle,org.eclipse.core.databinding.observable,1.4.0.I20110222-0800,"org.eclipse.core.databinding.observable",1371562482557
started,bundle,org.eclipse.core.expressions,3.4.300.v20110228,"org.eclipse.core.expressions",1371562482558
started,bundle,org.eclipse.core.filebuffers,3.5.200.v20110928-1504,"org.eclipse.core.filebuffers",1371562482558
started,bundle,org.eclipse.core.filesystem,1.3.100.v20110423-0524,"org.eclipse.core.filesystem",1371562482559
started,bundle,org.eclipse.core.jobs,3.5.101.v20120113-1953,"org.eclipse.core.jobs",1371562482560
started,bundle,org.eclipse.core.net,1.2.100.I20110511-0800,"org.eclipse.core.net",1371562482561
started,bundle,org.eclipse.core.resources,3.7.101.v20120125-1505,"org.eclipse.core.resources",1371562482561
started,bundle,org.eclipse.core.runtime,3.7.0.v20110110,"org.eclipse.core.runtime",1371562482562
started,bundle,org.eclipse.core.runtime.compatibility,3.2.100.v20100505,"org.eclipse.core.runtime.compatibility",1371562482562
started,bundle,org.eclipse.core.runtime.compatibility.auth,3.2.200.v20110110,"org.eclipse.core.runtime.compatibility.auth",1371562482563
started,bundle,org.eclipse.debug.core,3.7.1.v20111129-2031,"org.eclipse.debug.core",1371562482564
started,bundle,org.eclipse.egit.core,1.3.0.201202151440-r,"org.eclipse.egit.core",1371562482565
started,bundle,org.eclipse.egit.ui,1.3.0.201202151440-r,"org.eclipse.egit.ui",1371562482567
started,bundle,org.eclipse.epp.mpc.ui,1.1.1.I20110907-0947,"org.eclipse.epp.mpc.ui",1371562482568
started,bundle,org.eclipse.epp.usagedata.gathering,1.3.1.R201106061540,"org.eclipse.epp.usagedata.gathering",1371562482568
started,bundle,org.eclipse.epp.usagedata.recording,1.3.1.R201106061540,"org.eclipse.epp.usagedata.recording",1371562482568
started,bundle,org.eclipse.equinox.app,1.3.100.v20110321,"org.eclipse.equinox.app",1371562482569
started,bundle,org.eclipse.equinox.common,3.6.0.v20110523,"org.eclipse.equinox.common",1371562482570
started,bundle,org.eclipse.equinox.ds,1.3.1.R37x_v20110701,"org.eclipse.equinox.ds",1371562482571
started,bundle,org.eclipse.equinox.event,1.2.100.v20110502,"org.eclipse.equinox.event",1371562482571
started,bundle,org.eclipse.equinox.frameworkadmin,2.0.0.v20110815-1438,"org.eclipse.equinox.frameworkadmin",1371562482572
started,bundle,org.eclipse.equinox.p2.core,2.1.1.v20120113-1346,"org.eclipse.equinox.p2.core",1371562482572
started,bundle,org.eclipse.equinox.p2.directorywatcher,1.0.300.v20110815-1419,"org.eclipse.equinox.p2.directorywatcher",1371562482573
started,bundle,org.eclipse.equinox.p2.engine,2.1.1.R37x_v20111003,"org.eclipse.equinox.p2.engine",1371562482574
started,bundle,org.eclipse.equinox.p2.metadata,2.1.0.v20110815-1419,"org.eclipse.equinox.p2.metadata",1371562482574
started,bundle,org.eclipse.equinox.p2.metadata.repository,1.2.0.v20110815-1419,"org.eclipse.equinox.p2.metadata.repository",1371562482575
started,bundle,org.eclipse.equinox.p2.operations,2.1.1.R37x_v20111111,"org.eclipse.equinox.p2.operations",1371562482575
started,bundle,org.eclipse.equinox.p2.reconciler.dropins,1.1.100.v20110815-1419,"org.eclipse.equinox.p2.reconciler.dropins",1371562482576
started,bundle,org.eclipse.equinox.p2.repository,2.1.1.v20120113-1346,"org.eclipse.equinox.p2.repository",1371562482576
started,bundle,org.eclipse.equinox.p2.ui.sdk.scheduler,1.0.100.v20110815-1419,"org.eclipse.equinox.p2.ui.sdk.scheduler",1371562482577
started,bundle,org.eclipse.equinox.p2.updatechecker,1.1.200.v20110815-1419,"org.eclipse.equinox.p2.updatechecker",1371562482577
started,bundle,org.eclipse.equinox.preferences,3.4.2.v20120111-2020,"org.eclipse.equinox.preferences",1371562482578
started,bundle,org.eclipse.equinox.registry,3.5.101.R37x_v20110810-1611,"org.eclipse.equinox.registry",1371562482578
started,bundle,org.eclipse.equinox.security,1.1.1.R37x_v20110822-1018,"org.eclipse.equinox.security",1371562482579
started,bundle,org.eclipse.equinox.simpleconfigurator.manipulator,2.0.0.v20110815-1438,"org.eclipse.equinox.simpleconfigurator.manipulator",1371562482580
started,bundle,org.eclipse.equinox.util,1.0.300.v20110502,"org.eclipse.equinox.util",1371562482580
started,bundle,org.eclipse.help,3.5.100.v20110426,"org.eclipse.help",1371562482581
started,bundle,org.eclipse.jface,3.7.0.v20110928-1505,"org.eclipse.jface",1371562482581
started,bundle,org.eclipse.jgit,1.3.0.201202151440-r,"org.eclipse.jgit",1371562482582
started,bundle,org.eclipse.jsch.core,1.1.300.I20110514-0800,"org.eclipse.jsch.core",1371562482582
started,bundle,org.eclipse.ltk.core.refactoring,3.5.201.r372_v20111101-0700,"org.eclipse.ltk.core.refactoring",1371562482583
started,bundle,org.eclipse.mylyn.bugzilla.core,3.6.5.v20120123-0100,"org.eclipse.mylyn.bugzilla.core",1371562482584
started,bundle,org.eclipse.mylyn.bugzilla.ui,3.6.0.v20110608-1400,"org.eclipse.mylyn.bugzilla.ui",1371562482584
started,bundle,org.eclipse.mylyn.commons.identity,0.8.0.v20110608-1400,"org.eclipse.mylyn.commons.identity",1371562482585
started,bundle,org.eclipse.mylyn.commons.net,3.6.0.v20110608-1400,"org.eclipse.mylyn.commons.net",1371562482585
started,bundle,org.eclipse.mylyn.commons.ui,3.6.1.v20110720-0100,"org.eclipse.mylyn.commons.ui",1371562482585
started,bundle,org.eclipse.mylyn.context.core,3.6.1.v20110720-0100,"org.eclipse.mylyn.context.core",1371562482586
started,bundle,org.eclipse.mylyn.context.ui,3.6.1.v20120112-0100,"org.eclipse.mylyn.context.ui",1371562482587
started,bundle,org.eclipse.mylyn.monitor.ui,3.6.0.v20110608-1400,"org.eclipse.mylyn.monitor.ui",1371562482587
started,bundle,org.eclipse.mylyn.tasks.ui,3.6.5.v20120215-0100,"org.eclipse.mylyn.tasks.ui",1371562482588
started,bundle,org.eclipse.mylyn.team.ui,3.6.1.v20110825-0100,"org.eclipse.mylyn.team.ui",1371562482589
started,bundle,org.eclipse.search,3.7.0.v20110928-1504,"org.eclipse.search",1371562482590
started,bundle,org.eclipse.team.core,3.6.0.I20110525-0800,"org.eclipse.team.core",1371562482590
started,bundle,org.eclipse.team.cvs.core,3.3.400.I20110510-0800,"org.eclipse.team.cvs.core",1371562482591
started,bundle,org.eclipse.team.cvs.ui,3.3.401.v20120126-1227,"org.eclipse.team.cvs.ui",1371562482592
started,bundle,org.eclipse.team.ui,3.6.101.R37x_v20111109-0800,"org.eclipse.team.ui",1371562482593
started,bundle,org.eclipse.ui,3.7.0.v20110928-1505,"org.eclipse.ui",1371562482594
started,bundle,org.eclipse.ui.console,3.5.100.v20111007_r372,"org.eclipse.ui.console",1371562482594
started,bundle,org.eclipse.ui.editors,3.7.0.v20110928-1504,"org.eclipse.ui.editors",1371562482595
started,bundle,org.eclipse.ui.forms,3.5.101.v20111011-1919,"org.eclipse.ui.forms",1371562482596
started,bundle,org.eclipse.ui.ide,3.7.0.v20110928-1505,"org.eclipse.ui.ide",1371562482597
started,bundle,org.eclipse.ui.navigator,3.5.101.v20120106-1355,"org.eclipse.ui.navigator",1371562482598
started,bundle,org.eclipse.ui.net,1.2.100.v20111208-1155,"org.eclipse.ui.net",1371562482599
started,bundle,org.eclipse.ui.views,3.6.0.v20110928-1505,"org.eclipse.ui.views",1371562482599
started,bundle,org.eclipse.ui.views.log,1.0.200.v20110404,"org.eclipse.ui.views.log",1371562482600
started,bundle,org.eclipse.ui.views.properties.tabbed,3.5.200.v20110928-1505,"org.eclipse.ui.views.properties.tabbed",1371562482600
started,bundle,org.eclipse.ui.workbench,3.7.1.v20120104-1859,"org.eclipse.ui.workbench",1371562482601
started,bundle,org.eclipse.ui.workbench.texteditor,3.7.0.v20110928-1504,"org.eclipse.ui.workbench.texteditor",1371562482602
started,bundle,org.eclipse.update.configurator,3.3.100.v20100512,"org.eclipse.update.configurator",1371562482603
started,bundle,org.eclipse.update.core,3.2.500.v20110330,"org.eclipse.update.core",1371562482603
started,bundle,org.eclipse.update.scheduler,3.2.300.v20100512,"org.eclipse.update.scheduler",1371562482606
started,bundle,org.eclipse.jdt.core,3.7.3.v20120119-1537,"org.eclipse.jdt.core",1371562482606
started,bundle,org.eclipse.jdt.core.manipulation,1.4.0.v20110928-1453,"org.eclipse.jdt.core.manipulation",1371562482607
started,bundle,org.eclipse.jdt.launching,3.6.1.v20111006_r372,"org.eclipse.jdt.launching",1371562482608
started,bundle,org.eclipse.jdt.ui,3.7.2.v20120109-1427,"org.eclipse.jdt.ui",1371562482613
started,bundle,org.eclipse.draw2d,3.7.2.v20111017-2020,"org.eclipse.draw2d",1371562482614
started,bundle,org.eclipse.emf.common,2.7.0.v20120127-1122,"org.eclipse.emf.common",1371562482615
started,bundle,org.eclipse.emf.common.ui,2.7.0.v20120130-0943,"org.eclipse.emf.common.ui",1371562482616
started,bundle,org.eclipse.emf.ecore,2.7.0.v20120127-1122,"org.eclipse.emf.ecore",1371562482617
started,bundle,org.eclipse.emf.ecore.change,2.7.1.v20120127-1122,"org.eclipse.emf.ecore.change",1371562482618
started,bundle,org.eclipse.emf.ecore.edit,2.7.1.v20120130-0943,"org.eclipse.emf.ecore.edit",1371562482619
started,bundle,org.eclipse.emf.ecore.xmi,2.7.0.v20120127-1122,"org.eclipse.emf.ecore.xmi",1371562482620
started,bundle,org.eclipse.emf.ecoretools.diagram,1.0.0.v20110601-1615,"org.eclipse.emf.ecoretools.diagram",1371562482621
started,bundle,org.eclipse.emf.ecoretools.diagram.ui.outline,1.0.0.v20110601-1615,"org.eclipse.emf.ecoretools.diagram.ui.outline",1371562482622
started,bundle,org.eclipse.emf.ecoretools.filters,1.0.0.v20110601-1615,"org.eclipse.emf.ecoretools.filters",1371562482623
started,bundle,org.eclipse.emf.ecoretools.properties,1.0.0.v20110601-1615,"org.eclipse.emf.ecoretools.properties",1371562482623
started,bundle,org.eclipse.emf.ecoretools.tabbedproperties,1.0.0.v20110601-1614,"org.eclipse.emf.ecoretools.tabbedproperties",1371562482626
started,bundle,org.eclipse.emf.edit,2.7.2.v20120130-0943,"org.eclipse.emf.edit",1371562482627
started,bundle,org.eclipse.emf.edit.ui,2.7.0.v20120130-0943,"org.eclipse.emf.edit.ui",1371562482628
started,bundle,org.eclipse.emf.transaction,1.4.0.v20100331-1738,"org.eclipse.emf.transaction",1371562482628
started,bundle,org.eclipse.emf.validation,1.4.0.v20100428-2315,"org.eclipse.emf.validation",1371562482629
started,bundle,org.eclipse.emf.workspace,1.5.1.v20110823-1800,"org.eclipse.emf.workspace",1371562482630
started,bundle,org.eclipse.gef,3.7.2.v20111106-2020,"org.eclipse.gef",1371562482631
started,bundle,org.eclipse.gmf.runtime.common.core,1.4.1.v20101119-2230,"org.eclipse.gmf.runtime.common.core",1371562482632
started,bundle,org.eclipse.gmf.runtime.common.ui,1.5.0.v20101221-2230,"org.eclipse.gmf.runtime.common.ui",1371562482632
started,bundle,org.eclipse.gmf.runtime.common.ui.action,1.5.0.v20110607-1200,"org.eclipse.gmf.runtime.common.ui.action",1371562482633
started,bundle,org.eclipse.gmf.runtime.common.ui.action.ide,1.5.0.v20101221-2230,"org.eclipse.gmf.runtime.common.ui.action.ide",1371562482634
started,bundle,org.eclipse.gmf.runtime.common.ui.services,1.3.1.v20101118-2230,"org.eclipse.gmf.runtime.common.ui.services",1371562482634
started,bundle,org.eclipse.gmf.runtime.common.ui.services.action,1.4.0.v20100430-1518,"org.eclipse.gmf.runtime.common.ui.services.action",1371562482635
started,bundle,org.eclipse.gmf.runtime.common.ui.services.properties,1.3.1.v20101221-2230,"org.eclipse.gmf.runtime.common.ui.services.properties",1371562482636
started,bundle,org.eclipse.gmf.runtime.diagram.core,1.4.1.v20101221-2230,"org.eclipse.gmf.runtime.diagram.core",1371562482636
started,bundle,org.eclipse.gmf.runtime.diagram.ui,1.5.0.v20110309-2230,"org.eclipse.gmf.runtime.diagram.ui",1371562482638
started,bundle,org.eclipse.gmf.runtime.diagram.ui.actions,1.4.1.v20101221-2230,"org.eclipse.gmf.runtime.diagram.ui.actions",1371562482639
started,bundle,org.eclipse.gmf.runtime.diagram.ui.printing,1.4.1.v20101119-2230,"org.eclipse.gmf.runtime.diagram.ui.printing",1371562482639
started,bundle,org.eclipse.gmf.runtime.diagram.ui.printing.render,1.4.1.v20101119-2230,"org.eclipse.gmf.runtime.diagram.ui.printing.render",1371562482640
started,bundle,org.eclipse.gmf.runtime.diagram.ui.properties,1.4.2.v20101129-2230,"org.eclipse.gmf.runtime.diagram.ui.properties",1371562482641
started,bundle,org.eclipse.gmf.runtime.diagram.ui.providers,1.5.0.v20110216-2230,"org.eclipse.gmf.runtime.diagram.ui.providers",1371562482642
started,bundle,org.eclipse.gmf.runtime.diagram.ui.providers.ide,1.2.0.v20090403-1720,"org.eclipse.gmf.runtime.diagram.ui.providers.ide",1371562482642
started,bundle,org.eclipse.gmf.runtime.diagram.ui.render,1.4.1.v20101119-2230,"org.eclipse.gmf.runtime.diagram.ui.render",1371562482643
started,bundle,org.eclipse.gmf.runtime.diagram.ui.resources.editor,1.4.1.v20101119-2230,"org.eclipse.gmf.runtime.diagram.ui.resources.editor",1371562482644
started,bundle,org.eclipse.gmf.runtime.draw2d.ui,1.5.0.v20110505-2230,"org.eclipse.gmf.runtime.draw2d.ui",1371562482645
started,bundle,org.eclipse.gmf.runtime.draw2d.ui.render,1.4.1.v20101119-2230,"org.eclipse.gmf.runtime.draw2d.ui.render",1371562482646
started,bundle,org.eclipse.gmf.runtime.emf.commands.core,1.4.0.v20100423-2359,"org.eclipse.gmf.runtime.emf.commands.core",1371562482646
started,bundle,org.eclipse.gmf.runtime.emf.core,1.4.1.v20101222-2230,"org.eclipse.gmf.runtime.emf.core",1371562482647
started,bundle,org.eclipse.gmf.runtime.emf.type.core,1.4.0.v20100423-2359,"org.eclipse.gmf.runtime.emf.type.core",1371562482647
started,bundle,org.eclipse.gmf.runtime.emf.ui,1.2.0.v20090403-1720,"org.eclipse.gmf.runtime.emf.ui",1371562482648
started,bundle,org.eclipse.gmf.runtime.gef.ui,1.4.1.v20101222-2230,"org.eclipse.gmf.runtime.gef.ui",1371562482649
started,bundle,org.eclipse.gmf.runtime.notation,1.5.0.v20110309-2159,"org.eclipse.gmf.runtime.notation",1371562482650
started,bundle,org.eclipse.ocl,3.1.0.v20120206-0606,"org.eclipse.ocl",1371562482650
started,bundle,org.eclipse.ocl.ecore,3.1.2.v20111015-2027,"org.eclipse.ocl.ecore",1371562482652
started,bundle,org.eclipse.pde,3.7.2.v201202080800,"org.eclipse.pde",1371562482652
started,bundle,org.eclipse.pde.core,3.7.1.v20120103_r372,"org.eclipse.pde.core",1371562482653
started,bundle,org.eclipse.pde.launching,3.6.0.v20110506,"org.eclipse.pde.launching",1371562482654
started,bundle,org.eclipse.pde.ui,3.6.100.v20120103_r372,"org.eclipse.pde.ui",1371562482657
os,sysinfo,,,"win32",1371562482661
arch,sysinfo,,,"x86_64",1371562482661
ws,sysinfo,,,"win32",1371562482661
locale,sysinfo,,,"de_DE",1371562482662
processors,sysinfo,,,"4",1371562482662
java.runtime.name,sysinfo,,,"Java(TM) SE Runtime Environment",1371562482662
java.runtime.version,sysinfo,,,"1.7.0_11-b21",1371562482662
java.specification.name,sysinfo,,,"Java Platform API Specification",1371562482662
java.specification.vendor,sysinfo,,,"Oracle Corporation",1371562482662
java.specification.version,sysinfo,,,"1.7",1371562482662
java.vendor,sysinfo,,,"Oracle Corporation",1371562482662
java.version,sysinfo,,,"1.7.0_11",1371562482662
java.vm.info,sysinfo,,,"mixed mode",1371562482662
java.vm.name,sysinfo,,,"Java HotSpot(TM) 64-Bit Server VM",1371562482662
java.vm.specification.name,sysinfo,,,"Java Virtual Machine Specification",1371562482662
java.vm.specification.vendor,sysinfo,,,"Oracle Corporation",1371562482662
java.vm.specification.version,sysinfo,,,"1.7",1371562482662
java.vm.vendor,sysinfo,,,"Oracle Corporation",1371562482662
java.vm.version,sysinfo,,,"23.6-b04",1371562482662
opened,view,org.eclipse.ui.ide,3.7.0.v20110928-1505,"org.eclipse.ui.views.ProblemView",1371562485199
deactivated,workbench,org.eclipse.ui.workbench,3.7.1.v20120104-1859,"",1371562670432
activated,workbench,org.eclipse.ui.workbench,3.7.1.v20120104-1859,"",1371563430201
deactivated,workbench,org.eclipse.ui.workbench,3.7.1.v20120104-1859,"",1371563459046
activated,workbench,org.eclipse.ui.workbench,3.7.1.v20120104-1859,"",1371563460534
deactivated,workbench,org.eclipse.ui.workbench,3.7.1.v20120104-1859,"",1371563461422
activated,workbench,org.eclipse.ui.workbench,3.7.1.v20120104-1859,"",1371563463121
deactivated,workbench,org.eclipse.ui.workbench,3.7.1.v20120104-1859,"",1371563471301
deactivated,workbench,org.eclipse.ui.workbench,3.7.1.v20120104-1859,"",1371563472253
activated,workbench,org.eclipse.ui.workbench,3.7.1.v20120104-1859,"",1371563729091
deactivated,workbench,org.eclipse.ui.workbench,3.7.1.v20120104-1859,"",1371563744621
activated,workbench,org.eclipse.ui.workbench,3.7.1.v20120104-1859,"",1371563745431
deactivated,workbench,org.eclipse.ui.workbench,3.7.1.v20120104-1859,"",1371564162103
activated,workbench,org.eclipse.ui.workbench,3.7.1.v20120104-1859,"",1371564163864
deactivated,workbench,org.eclipse.ui.workbench,3.7.1.v20120104-1859,"",1371564163904
activated,workbench,org.eclipse.ui.workbench,3.7.1.v20120104-1859,"",1371564166326
closed,workbench,org.eclipse.ui.workbench,3.7.1.v20120104-1859,"",1371564166525
started,bundle,org.eclipse.equinox.p2.garbagecollector,1.0.200.v20110815-1419,"org.eclipse.equinox.p2.garbagecollector",1371564166648
started,bundle,org.eclipse.compare.core,3.5.200.I20110208-0800,"org.eclipse.compare.core",1371564166904
started,bundle,org.eclipse.compare,3.5.202.R37x_v20111109-0800,"org.eclipse.compare",1371564166910
stopped,bundle,org.eclipse.cdt.build.crossgcc,1.0.2.201202111925,"org.eclipse.cdt.build.crossgcc",1371564167124
stopped,bundle,org.eclipse.cdt.codan.checkers.ui,1.0.0.201202111925,"org.eclipse.cdt.codan.checkers.ui",1371564167125
stopped,bundle,org.eclipse.cdt.codan.checkers,1.0.1.201202111925,"org.eclipse.cdt.codan.checkers",1371564167125
stopped,bundle,org.eclipse.cdt.codan.ui.cxx,2.0.0.201202111925,"org.eclipse.cdt.codan.ui.cxx",1371564167125
stopped,bundle,org.eclipse.cdt.codan.core.cxx,1.0.0.201202111925,"org.eclipse.cdt.codan.core.cxx",1371564167125
stopped,bundle,org.eclipse.cdt.launch.remote,2.3.0.201202111925,"org.eclipse.cdt.launch.remote",1371564167126
stopped,bundle,org.eclipse.cdt.debug.mi.ui,6.1.1.201202111925,"org.eclipse.cdt.debug.mi.ui",1371564167127
stopped,bundle,org.eclipse.cdt.debug.mi.core,7.1.1.201202111925,"org.eclipse.cdt.debug.mi.core",1371564167128
stopped,bundle,org.eclipse.cdt.debug.ui.memory.memorybrowser,1.2.100.201202111925,"org.eclipse.cdt.debug.ui.memory.memorybrowser",1371564167128
stopped,bundle,org.eclipse.cdt.debug.ui.memory.search,1.2.1.201202111925,"org.eclipse.cdt.debug.ui.memory.search",1371564167129
stopped,bundle,org.eclipse.cdt.dsf.gdb.ui,2.2.1.201202111925,"org.eclipse.cdt.dsf.gdb.ui",1371564167130
stopped,bundle,org.eclipse.cdt.dsf.ui,2.2.1.201202111925,"org.eclipse.cdt.dsf.ui",1371564167131
stopped,bundle,org.eclipse.cdt.gdb.ui,7.0.0.201202111925,"org.eclipse.cdt.gdb.ui",1371564167132
stopped,bundle,org.eclipse.cdt.dsf.gdb,4.0.2.201202111925,"org.eclipse.cdt.dsf.gdb",1371564167133
stopped,bundle,org.eclipse.cdt.launch,7.0.0.201202111925,"org.eclipse.cdt.launch",1371564167134
stopped,bundle,org.eclipse.cdt.debug.ui,7.1.2.201202111925,"org.eclipse.cdt.debug.ui",1371564167135
stopped,bundle,org.eclipse.cdt.debug.ui.memory.traditional,1.2.1.201202111925,"org.eclipse.cdt.debug.ui.memory.traditional",1371564167136
stopped,bundle,org.eclipse.cdt.dsf,2.2.0.201202111925,"org.eclipse.cdt.dsf",1371564167137
stopped,bundle,org.eclipse.cdt.debug.core,7.1.0.201202111925,"org.eclipse.cdt.debug.core",1371564167137
stopped,bundle,org.eclipse.linuxtools.cdt.autotools.ui,1.0.1.201202152032,"org.eclipse.linuxtools.cdt.autotools.ui",1371564167139
stopped,bundle,org.eclipse.linuxtools.cdt.autotools.core,1.0.2.201202152032,"org.eclipse.linuxtools.cdt.autotools.core",1371564167141
stopped,bundle,de.innot.avreclipse.ui,2.4.0.201203041437,"de.innot.avreclipse.ui",1371564167141
stopped,bundle,org.eclipse.cdt.managedbuilder.ui,8.0.2.201202111925,"org.eclipse.cdt.managedbuilder.ui",1371564167142
stopped,bundle,org.eclipse.cdt.make.ui,7.1.2.201202111925,"org.eclipse.cdt.make.ui",1371564167143
stopped,bundle,org.eclipse.cdt.managedbuilder.gnu.ui,8.0.2.201202111925,"org.eclipse.cdt.managedbuilder.gnu.ui",1371564167144
stopped,bundle,org.eclipse.cdt.msw.build,1.0.0.201202111925,"org.eclipse.cdt.msw.build",1371564167144
stopped,bundle,de.innot.avreclipse.core,2.4.0.201203041437,"de.innot.avreclipse.core",1371564167145
stopped,bundle,org.eclipse.cdt.managedbuilder.core,8.0.2.201202111925,"org.eclipse.cdt.managedbuilder.core",1371564167183
stopped,bundle,org.eclipse.cdt.make.core,7.1.2.201202111925,"org.eclipse.cdt.make.core",1371564167183
stopped,bundle,org.eclipse.cdt.mylyn.ui,3.6.0.v20110608-1400,"org.eclipse.cdt.mylyn.ui",1371564167184
stopped,bundle,org.eclipse.cdt.codan.ui,2.0.1.201202111925,"org.eclipse.cdt.codan.ui",1371564167185
stopped,bundle,org.eclipse.cdt.ui,5.3.2.201202111925,"org.eclipse.cdt.ui",1371564167188
stopped,bundle,org.eclipse.cdt.core,5.3.2.201202111925,"org.eclipse.cdt.core",1371564167190
stopped,bundle,org.eclipse.compare.win32,1.0.200.I20110510-0800,"org.eclipse.compare.win32",1371564167191
stopped,bundle,org.eclipse.egit.ui,1.3.0.201202151440-r,"org.eclipse.egit.ui",1371564167192
stopped,bundle,org.eclipse.egit.core,1.3.0.201202151440-r,"org.eclipse.egit.core",1371564167192
stopped,bundle,org.eclipse.equinox.p2.ui.sdk,1.0.200.v20110815-1419,"org.eclipse.equinox.p2.ui.sdk",1371564167193
stopped,bundle,org.eclipse.rse.importexport,1.2.200.v201105021534,"org.eclipse.rse.importexport",1371564167195
stopped,bundle,org.eclipse.rse.subsystems.shells.telnet,1.2.200.v201101042155,"org.eclipse.rse.subsystems.shells.telnet",1371564167196
stopped,bundle,org.eclipse.rse.shells.ui,3.0.301.R33x_v201107181530,"org.eclipse.rse.shells.ui",1371564167196
stopped,bundle,org.eclipse.rse.files.ui,3.2.1.R33x_v201109141647,"org.eclipse.rse.files.ui",1371564167197
stopped,bundle,org.eclipse.rse.processes.ui,3.0.300.v201101042155,"org.eclipse.rse.processes.ui",1371564167198
stopped,bundle,org.eclipse.pde.api.tools.ui,1.0.301.v20110803_r371,"org.eclipse.pde.api.tools.ui",1371564167199
stopped,bundle,org.eclipse.pde.ds.ui,1.0.100.v20111213-1754,"org.eclipse.pde.ds.ui",1371564167200
stopped,bundle,org.eclipse.pde.runtime,3.4.201.v20110928-1516,"org.eclipse.pde.runtime",1371564167201
stopped,bundle,org.eclipse.pde.ua.ui,1.0.100.v20110516,"org.eclipse.pde.ua.ui",1371564167202
stopped,bundle,org.eclipse.pde.ui.templates,3.4.400.v20110928-1516,"org.eclipse.pde.ui.templates",1371564167204
stopped,bundle,org.eclipse.pde.ui,3.6.100.v20120103_r372,"org.eclipse.pde.ui",1371564167204
stopped,bundle,org.eclipse.ant.ui,3.5.101.v20120110-1739,"org.eclipse.ant.ui",1371564167206
stopped,bundle,org.eclipse.jdt.junit,3.7.0.v20110928-1453,"org.eclipse.jdt.junit",1371564167207
stopped,bundle,org.eclipse.jdt.debug.ui,3.6.1.v20111006_r372,"org.eclipse.jdt.debug.ui",1371564167208
stopped,bundle,org.eclipse.jdt.apt.ui,3.3.300.v20110305-1450,"org.eclipse.jdt.apt.ui",1371564167209
stopped,bundle,org.eclipse.jdt.ui,3.7.2.v20120109-1427,"org.eclipse.jdt.ui",1371564167210
stopped,bundle,org.eclipse.search,3.7.0.v20110928-1504,"org.eclipse.search",1371564167214
stopped,bundle,org.eclipse.mylyn.commons.team,0.8.0.v20110608-1400,"org.eclipse.mylyn.commons.team",1371564167215
stopped,bundle,org.eclipse.mylyn.team.ui,3.6.1.v20110825-0100,"org.eclipse.mylyn.team.ui",1371564167216
stopped,bundle,org.eclipse.emf.ecoretools,1.0.0.v20110608-1236,"org.eclipse.emf.ecoretools",1371564167216
stopped,bundle,org.eclipse.emf.ecoretools.diagram,1.0.0.v20110601-1615,"org.eclipse.emf.ecoretools.diagram",1371564167216
stopped,bundle,org.eclipse.ui.navigator.resources,3.4.300.v20110928-1505,"org.eclipse.ui.navigator.resources",1371564167217
stopped,bundle,org.eclipse.ltk.ui.refactoring,3.6.0.v20110928-1453,"org.eclipse.ltk.ui.refactoring",1371564167219
stopped,bundle,org.eclipse.mylyn.bugzilla.ui,3.6.0.v20110608-1400,"org.eclipse.mylyn.bugzilla.ui",1371564167219
stopped,bundle,org.eclipse.mylyn.ide.ui,3.6.0.v20110608-1400,"org.eclipse.mylyn.ide.ui",1371564167220
stopped,bundle,org.eclipse.mylyn.resources.ui,3.6.0.v20110608-1400,"org.eclipse.mylyn.resources.ui",1371564167221
stopped,bundle,org.eclipse.mylyn.wikitext.tasks.ui,1.5.0.v20110608-1400,"org.eclipse.mylyn.wikitext.tasks.ui",1371564167222
stopped,bundle,org.eclipse.mylyn.context.ui,3.6.1.v20120112-0100,"org.eclipse.mylyn.context.ui",1371564167222
stopped,bundle,org.eclipse.mylyn.help.ui,3.6.1.v20110830-0100,"org.eclipse.mylyn.help.ui",1371564167223
stopped,bundle,org.eclipse.mylyn.tasks.bugs,3.6.1.v20110825-0100,"org.eclipse.mylyn.tasks.bugs",1371564167224
stopped,bundle,org.eclipse.mylyn.tasks.ui,3.6.5.v20120215-0100,"org.eclipse.mylyn.tasks.ui",1371564167224
stopped,bundle,org.eclipse.team.cvs.ui,3.3.401.v20120126-1227,"org.eclipse.team.cvs.ui",1371564167224
stopped,bundle,org.eclipse.team.ui,3.6.101.R37x_v20111109-0800,"org.eclipse.team.ui",1371564167224
stopped,bundle,org.eclipse.compare,3.5.202.R37x_v20111109-0800,"org.eclipse.compare",1371564167224
stopped,bundle,org.eclipse.cdt.debug.ui.memory.transport,2.1.0.201202111925,"org.eclipse.cdt.debug.ui.memory.transport",1371564167225
stopped,bundle,org.eclipse.ui.externaltools,3.2.0.v20111007_r372,"org.eclipse.ui.externaltools",1371564167226
